4aedd0f5-2245-42f9-812b-79ee66032b3a,Christina,Carter,nicolebrown@hotmail.com,658.253.9718x0889,1711 Joel Greens,South Aliciatown,Illinois,86520,Timor-Leste,1971-12-27,Male,2023-02-26
31bcb0ea-efaa-4bfb-941a-fb8e6156718a,Craig,Collins,kyle93@ramirez-benton.info,571-298-2765,85066 Singh Mission,Port Toddfort,Arkansas,20062,Suriname,1970-02-14,Male,2024-01-20
9dd02a4b-fb45-408a-887e-359742566067,Jacob,Kaufman,stevennash@hotmail.com,(780)363-8563,693 Renee Common Suite 400,East Stevenville,Colorado,14755,Saint Kitts and Nevis,1960-09-24,Female,2024-01-28
64001935-67e2-4213-8e5f-e1d90aaf0e1a,Amanda,Stone,phillipsbrett@jones.biz,+1-784-679-3483x5389,2623 Velazquez Ramp,Baileyburgh,South Carolina,33132,South Georgia and the South Sandwich Islands,2002-02-23,Female,2021-03-19
00b9cba1-e3c4-4884-b9b7-7d1f38d51bbd,Philip,Greene,carrbryan@phillips-martin.com,+1-734-771-5485,5351 Rachel Ramp Apt. 614,Pricechester,Hawaii,40231,Latvia,1998-05-17,Female,2020-05-29
f699a325-6113-42d6-a3ab-1b1ca700e187,Edward,Leblanc,karencohen@gmail.com,(063)219-4240,9697 George Alley Apt. 628,Goodwinchester,Virginia,31759,Slovakia (Slovak Republic),2003-07-06,Female,2020-08-17
d127a5f5-9092-418a-a0f6-e3aca86e716d,Kevin,Garcia,courtney09@walker.com,001-025-454-2472x79901,03524 Wood Junctions Suite 705,South John,West Virginia,30351,Senegal,1939-10-06,Female,2023-03-15
1f7a82fc-381c-4152-90f8-c1ea5b210541,Elizabeth,Mccoy,amycarrillo@gallegos.com,+1-012-439-1492x27975,4274 Joseph Radial,New David,Nevada,21652,Egypt,1941-06-14,Female,2023-05-31
7afb97a2-52b5-40d9-8331-85b47ad3fad5,Krystal,Duarte,riddlemanuel@gmail.com,991.409.4426x3959,8076 Charles Inlet Suite 537,Ashleyberg,New Hampshire,03787,Nauru,1968-10-23,Female,2024-04-29
6cb368af-4092-4d00-9c58-c77c269a4619,Jamie,Diaz,jenniferbrown@burnett-williams.com,5626907616,6257 Jamie Centers Suite 854,Brownburgh,Georgia,98066,Botswana,1990-07-07,Female,2020-09-16
a987b0a1-02d4-4987-99e1-eacfcf23b6dc,Mark,Goodman,nbryant@gmail.com,+1-254-372-7509x9513,4491 Gregg Well Suite 954,West Anthony,North Dakota,44962,Czech Republic,2000-06-23,Male,2022-09-28
5ddc0624-2a9d-41fd-892d-6796645db6f5,Jacob,Stone,jjones@roberts.net,032.572.2983,22601 Evan Manors Suite 671,Norrisburgh,Utah,10726,Heard Island and McDonald Islands,1962-07-25,Male,2021-07-05
64193796-c535-418c-9072-de732c757665,Tyler,Lopez,brian83@wood.com,4412366341,1163 Robert Ranch,North Amandamouth,Washington,92640,Lithuania,1997-05-13,Male,2020-11-25
3a641632-8819-4fe9-9b14-f2a58d42e701,Nicolas,Johnson,russelldanielle@estes-tyler.net,320-630-0935,00081 Harris Wells,Brittanyton,New Hampshire,82197,Norfolk Island,1937-12-14,Female,2021-05-12
e0bd8a9d-0969-471b-96ac-a3bac5bc3f2c,Cynthia,Lopez,marcgalvan@yahoo.com,(964)759-5958x353,803 Johnson Springs Suite 513,Brownport,Washington,98338,Philippines,1964-01-01,Female,2024-01-14
3e566f63-d7ab-4fa6-9b65-169bbb7b7caa,Carol,Hopkins,rnguyen@hotmail.com,446-245-3844x627,325 Tiffany Lights,South Rita,Maryland,39012,Guinea-Bissau,1963-07-21,Female,2023-04-27
e0afadd7-cc72-4230-8e02-40417ead5873,Lawrence,Kelly,dennisreed@nelson.com,005-115-3084x16592,3932 Joshua Square,West Robertton,West Virginia,45832,Armenia,1988-08-26,Female,2023-04-14
fb75caa3-06a8-4f5d-9197-585c8de780d8,Julie,Andrade,christina91@estrada-mitchell.net,(553)243-0509,84787 Lisa Land Apt. 217,Markstad,Florida,91937,Gibraltar,1997-07-23,Male,2021-12-19
5276893f-6c44-43f8-bc9d-6f9aa6d20ab2,Elizabeth,Brown,leslie52@ballard.com,+1-429-368-4814x7469,6649 Natalie Gateway,East Sarastad,Alabama,77523,Palestinian Territory,1934-09-16,Male,2021-03-28
fc221a98-c5c4-42f2-bf1c-884ab99a8fae,Patricia,Little,jesse51@wilson-horn.com,925-825-0780x279,2754 Sherri Shore Apt. 571,Lake Katrina,Nevada,18911,Grenada,1969-12-24,Female,2022-09-13
57b3e334-0a0a-484a-a3e7-731db65831f8,Brittany,Morgan,rachel72@caldwell-brown.com,036-327-7408x10084,906 Christopher Vista Suite 550,Williamstown,New Jersey,34631,Latvia,1980-10-18,Male,2020-08-08
66eb1943-03e0-4305-aa08-600f345b8670,John,Tyler,ywest@morrison.com,+1-855-926-5479x953,3925 Tamara Walk Apt. 748,Hensleyport,Washington,96485,Honduras,1949-08-24,Male,2020-06-19
0d22546e-f5db-40e0-900e-879483b19268,Christina,Christensen,zcampbell@hotmail.com,369.674.7554x274,03548 Kimberly Cove,Lake Laurenland,Iowa,87465,Taiwan,1956-04-25,Male,2022-02-07
90fe5d91-8b30-4680-9791-5b7ab90b0d8c,Michael,Woods,flemingcraig@hotmail.com,001-119-397-7748x5116,427 Jacqueline Parkways Apt. 905,West Carlburgh,Maryland,61890,Guernsey,1979-04-16,Male,2021-11-02
c97beaa1-6787-4cb9-adf8-6ba88467cf0a,Rebecca,Morales,joannestone@hanson.com,2209826186,094 Garcia Greens,Mossmouth,New Hampshire,68450,Monaco,2003-12-18,Male,2022-02-07
86951dd9-7004-4049-8b33-42e1c0cb65c8,Katrina,Evans,igraham@weiss-cummings.biz,001-756-060-5372x93963,53662 Rick Viaduct,Clayberg,Kentucky,24383,Afghanistan,1992-06-14,Male,2022-08-27
587cd88c-4bcf-4992-89d1-d8b63bd7c17e,Nicole,Hoffman,veronica41@little.com,+1-025-580-9228x32799,1081 Rice Motorway Apt. 744,Coffeyberg,Pennsylvania,01972,United States of America,1985-04-10,Male,2020-09-23
e9dcbb4d-824f-411e-8300-dd2699d65b02,Brandon,White,ericksonsheri@yahoo.com,192.541.8895x8751,65422 Smith Rest Suite 204,Ethantown,New Hampshire,10387,Guatemala,1993-12-20,Male,2021-08-19
65311fe0-e81b-42ab-a0a7-33546392d5b1,Diamond,Morrison,fwilliams@gmail.com,536-051-4560x624,3484 Amy Estate,Lake Beverly,Alabama,66719,Cameroon,1999-10-30,Male,2020-10-14
465f1ffd-a0e6-4400-adfb-693c94309dac,Tanner,Cannon,qsmith@mendoza.org,209.585.9284x5077,083 Brent Heights Suite 117,Port Charles,Arkansas,15976,Romania,1954-09-08,Female,2020-05-04
45432f7a-f164-452e-81cc-44005e2406c1,Alicia,Griffin,youngjoseph@hotmail.com,432.714.8332x82945,34396 Ayers Street Suite 856,South Anthony,North Dakota,59444,Guyana,1951-06-08,Female,2023-08-03
c596d9f2-5b61-446d-89dd-b42f445ac8c8,Adrienne,Tran,burkekeith@hotmail.com,(616)175-4504,7799 Ortega Circles,Mendozatown,Indiana,91175,Timor-Leste,1967-12-23,Female,2024-05-20
1a4bc146-9bb2-4c2d-8d2f-1bcbe47d8bf9,William,Singh,dgilbert@robbins-myers.com,116-880-3324,98023 Wheeler Station,Lisafort,New Jersey,32877,Bosnia and Herzegovina,1965-03-04,Male,2021-09-27
af2d71be-e61d-4e46-8f65-835f50c6d721,Adrian,Ramirez,jerome43@yahoo.com,001-383-154-8974x47617,57679 Brian Estates Suite 560,Arianamouth,Wyoming,90252,South Africa,1944-03-02,Male,2024-07-07
26d531b0-2ad2-40b0-b040-4edb198114f0,Kimberly,Esparza,elizabethsmith@holt.org,4181815497,944 Sara Throughway Suite 424,Cantufort,Montana,61634,Afghanistan,2004-05-15,Female,2020-05-23
c9fdaa6f-9cf7-4bdf-95eb-04b893de80b2,Jacqueline,Walters,stephanieoliver@pittman.com,+1-710-005-2623x171,22528 Richard Point,South Mariahaven,New Hampshire,73559,Bhutan,1952-11-03,Female,2020-05-10
06f822d7-c371-498c-a89a-45bfb8f82c16,Kyle,Anderson,jgordon@hotmail.com,141-538-6088x398,8799 Walsh Ridge Apt. 721,Joechester,Nevada,16162,Ukraine,1938-02-02,Male,2020-04-29
9dd9e7ae-29f5-4887-895a-782237d7b10e,Stephanie,Fernandez,ksmith@hotmail.com,+1-740-455-3866x148,737 Taylor Drive,South Angelaview,New Jersey,27781,Eritrea,1994-07-12,Male,2023-06-20
15691384-9d5d-4e83-89a3-4494fffb4a7c,Daniel,Wood,edwardsjenna@ferguson-gonzalez.com,001-787-631-6174x183,87339 Miller Flats Apt. 503,New Christy,Maryland,95684,Zimbabwe,1955-09-12,Female,2020-01-09
28cc7c86-1617-4e80-94dc-05c8238f45ce,Andrew,Curry,james83@vincent.com,444-290-3341,9461 Randall Gardens Suite 716,Brettstad,Utah,71262,Namibia,1951-11-16,Female,2023-08-01
f3d95fff-0e2f-4875-acc1-4255174a06ca,Kaitlyn,Clay,shelleyrobertson@gmail.com,+1-759-415-2399x71094,2051 Yvonne Plains,Andersonhaven,New Hampshire,10448,Albania,1962-01-05,Female,2020-04-17
063c27c6-a835-4e98-a752-fa1d5be300b3,Sabrina,Morales,xmorris@yahoo.com,618-745-2468,601 Deborah Shoals,Jasonland,Nebraska,01420,Turks and Caicos Islands,1989-11-26,Male,2023-03-10
d267019f-d25f-470e-b2fe-16491c7cf136,Christopher,Day,xdavis@aguilar.com,7699452219,37132 Brittany Ridges Apt. 705,Donnafurt,North Dakota,13405,Poland,1969-10-25,Female,2023-10-08
b691f7ae-5559-4bdc-bbfb-e56e84a2091c,Elizabeth,Brown,kristenjenkins@gmail.com,625-363-6944,6333 Woods Plain,New Ashley,Connecticut,90908,Greenland,1946-06-23,Female,2022-05-29
2a7ef877-07d5-46b9-8122-b0c1e84a2fce,Adam,Mitchell,thomas77@hotmail.com,001-101-389-2511x623,5026 Johnson Tunnel Suite 690,Port Scottberg,Connecticut,43559,Tuvalu,1986-12-04,Male,2023-11-04
40f6d8b6-e46b-456d-9ad8-348ef149f0e2,Bryan,Miles,grantjeffrey@hotmail.com,5351980725,50136 Steven Route Apt. 692,Limouth,Minnesota,64080,Vanuatu,2001-07-10,Male,2021-08-20
a5b0d590-467f-4a1e-805f-6be1c8f15465,Melinda,Davis,fdelacruz@estrada-moore.info,+1-175-123-3242x06073,0667 Cooper Circles,Barnettview,Nevada,52421,Kiribati,2003-10-29,Male,2024-05-24
b78d4ae5-f3cb-4c62-b5bb-29932988714a,Jacqueline,Armstrong,miguel55@yahoo.com,001-100-774-2795x6322,08201 Glenn Village,Crossborough,Virginia,15150,Czech Republic,1999-09-22,Male,2019-11-24
a5cbc3b8-6c50-43cc-83a1-44d3e1fff8d6,Sara,Rodriguez,jamescallahan@yahoo.com,001-179-838-1631x4706,1093 Margaret Vista Suite 711,Riveramouth,Colorado,81757,Mayotte,1995-04-03,Female,2023-12-06
03bba945-88ba-400f-b87f-05c639dcccc0,Katie,Sparks,katherine61@gutierrez.net,904-308-7026,385 Corey Mountains Suite 781,East Scott,Kansas,14655,Thailand,1991-09-19,Male,2022-09-22
30a3f465-658d-461a-929c-8378f679486c,Jill,Hall,clayton84@pena.com,(025)968-8026,570 Reyes Crossing Apt. 519,Janeland,New Hampshire,16639,Sierra Leone,2005-11-19,Female,2020-05-26
2e13b916-4928-4b2a-824f-914b0783b23f,Tanya,Zhang,smyers@hotmail.com,001-227-017-4533x91226,32189 Torres Springs Suite 069,Nguyenhaven,New Jersey,89365,Mauritania,1994-10-05,Female,2023-02-17
b181e065-9610-4a77-946e-0c3e7a48ee5b,Jennifer,Garcia,janelopez@edwards-bowen.com,144-866-8953x45128,308 Kendra Mountain Apt. 987,East Jose,Ohio,86166,Georgia,1953-09-16,Female,2022-04-19
88185655-dc71-43d8-8ea2-e150edd1c309,John,Sandoval,heatherpowell@michael.com,974-405-3843x638,7668 Jose Lakes Apt. 157,Karinaberg,Illinois,07174,Uganda,1956-08-30,Female,2021-11-25
f62bb3b6-2120-4108-bcbe-b55cd38bb90b,David,Rodriguez,cookcasey@gmail.com,892.226.0238x69554,257 Carr Track,Samanthashire,Kansas,71970,Bhutan,1968-09-08,Female,2021-09-26
00ff0390-fc58-4af6-ba49-a2cf535292db,Erica,Clark,angelahill@gmail.com,+1-941-620-6729,829 Campbell Turnpike Suite 255,Oneillburgh,Utah,47179,Saudi Arabia,1951-09-06,Female,2023-10-17
c58fc004-3a7d-4a33-b93c-aafd1d37f046,Joshua,Allen,jacobscatherine@davidson-lee.com,809-057-8396x31368,39984 Gutierrez Land Apt. 018,Kimland,Rhode Island,07591,Palestinian Territory,1959-02-22,Female,2021-02-05
380e62cf-77f5-4507-a220-fc3efc42e4e3,David,Wallace,guzmanlindsey@yahoo.com,(130)037-0815x328,155 Vasquez Rapid Suite 842,New Christopher,Kentucky,68347,Lao People's Democratic Republic,1945-09-09,Female,2022-07-22
051d917c-137a-4c3f-a203-da1f90a2de48,Crystal,Silva,jonesjohn@gmail.com,(097)067-7854x120,599 Johnson Ferry Suite 391,Lucasberg,North Carolina,23800,Suriname,1961-05-26,Female,2021-04-08
628e232b-9b51-464b-b170-300834ba21e2,Kayla,Reed,kristina33@gmail.com,+1-723-490-0238x8968,1386 Hahn Locks,Williamview,Delaware,18106,Saint Pierre and Miquelon,1975-08-17,Male,2022-06-11
b98259de-77e3-4147-b5aa-59612f4b77a9,Brian,Grant,jacksonjonathan@martinez-nelson.org,280.606.2382x253,444 Briggs Circle,Elizabethfort,Montana,15354,Russian Federation,1979-05-15,Male,2019-10-18
0fa753f2-f94e-441e-a704-1c067fbc5bc3,Brittany,Matthews,omassey@hotmail.com,804-436-5971,3880 Jose Harbor,East Bobby,Alabama,98240,Guinea-Bissau,2006-02-17,Male,2020-08-13
54a59cae-16cc-4b21-b91c-695600bb7d59,Anthony,Turner,monica03@hansen-lynch.com,163-516-8321,060 Orr Radial,Port Kevin,Wisconsin,15978,Mexico,1977-03-05,Male,2021-05-02
6ecf897c-5109-41b9-937c-34269551f9cf,Michelle,Jones,christopher82@kemp.net,075-291-6254,5903 Matthew Road Suite 638,West Karenfort,Idaho,33764,Peru,1989-11-15,Female,2023-03-18
7ab646ce-4277-445d-b05c-cf8086c270ff,Jack,King,bushjoseph@robertson.com,+1-138-315-8893x84452,4451 Benjamin Inlet,Lake Stevenstad,Delaware,32428,Kyrgyz Republic,1993-12-03,Female,2023-01-13
ccebc88b-1f73-4e73-b858-bce0804215c4,Cynthia,Moore,jason30@james.com,673-301-7654,3843 Martin Plaza Apt. 872,Rileystad,Connecticut,31832,Montserrat,1977-07-27,Female,2021-07-27
6b94e4e3-4e36-460b-8247-4333ada0a2a0,Raymond,Richardson,paula34@gmail.com,2896044541,141 Guerra Mountain,Martinezton,California,70076,Anguilla,1936-01-22,Female,2023-10-20
70be4ac2-bb70-44d1-81b5-c6d5004bd39d,Kimberly,Carr,jmiller@martin.info,0521530534,4233 Li Walk Suite 446,Melissaland,Delaware,02797,Marshall Islands,1979-04-07,Male,2020-03-04
73b1d358-8582-4aa3-93d7-7abfc374aca9,Timothy,Sanford,gonzalezchristopher@russell.com,8131147409,1214 Harris Station,East Cherylton,Idaho,90370,Bouvet Island (Bouvetoya),1948-11-22,Female,2020-07-03
874d3b57-044a-41a6-8060-28a558a1c956,Nathan,Harper,jamesvaldez@thomas.biz,790.830.5059,7279 Welch Ranch,Port Chadview,Arizona,86570,Cyprus,2003-07-01,Female,2022-06-06
f0d39ed4-cfe6-48bf-8fc2-5ad63bfd6cdf,Eugene,Young,mary13@gray.com,1879627521,5182 Johnson Groves Apt. 301,West Brandonberg,Wyoming,58329,United States of America,1961-03-19,Female,2020-11-28
200fa25a-c345-445a-bb23-364e14073ea2,Alexandra,Griffin,kstewart@palmer-long.info,(420)626-7111x597,307 Contreras Burgs Apt. 795,Mooreport,Delaware,52037,Malaysia,1984-04-28,Male,2022-05-24
7540a34b-fc10-4802-9010-c342eb1ff266,Debra,Reed,zflores@mckinney.com,+1-853-779-5143,2326 Tony Key Suite 003,Ashleyport,Delaware,10653,Guinea,1988-04-26,Female,2022-12-06
e89ccc48-3caf-4b47-aeea-639965842abb,Darryl,Wilson,edgar45@rogers-barton.biz,+1-904-755-1310x3833,5345 Terri Burg,East Katherineside,South Carolina,96705,Bulgaria,1943-11-11,Male,2020-12-02
ddeeafc2-3000-4eb1-8d12-b4101804cc4e,Jim,Jones,jeffrey32@hotmail.com,(606)919-2291x2461,106 Howe Corner,Joneshaven,Tennessee,53679,Israel,1996-05-24,Male,2022-09-26
adf79ef6-c670-4221-92c1-6d17cf414132,Leah,Hinton,rachel81@sutton.info,+1-172-757-8538,4471 John Mews,South Thomas,Massachusetts,76657,Jamaica,1951-04-30,Female,2023-02-01
2846dd0c-09da-4f50-b496-b8570037369c,Elizabeth,Kelly,tgallagher@mcdaniel.net,001-561-112-4720x633,33866 Tammy Grove,Lake Sylvia,Massachusetts,17629,Northern Mariana Islands,1954-05-27,Male,2021-04-06
61bd0c1a-1970-40d5-935e-49bbf682d3ea,Elizabeth,May,jacksonchase@hill.biz,+1-291-910-2308x391,757 Kristina Plains,Lake Christopherbury,New Jersey,70983,Dominican Republic,1937-05-19,Female,2023-03-13
f59044eb-3077-45e1-9f4f-5d944c44b2fd,Douglas,Bruce,ashleywilliams@gmail.com,(094)938-0921x84881,9504 Burns Lodge,Lake Lucas,South Dakota,14468,Australia,1977-06-10,Male,2021-02-18
9342158d-c805-4af1-a931-a1957d71cc5a,Randall,Sanchez,lawsonsamuel@kelly-cooper.info,827.041.0932x266,745 Alexandra Walks,South Terrimouth,South Carolina,29361,South Georgia and the South Sandwich Islands,1971-11-07,Male,2020-06-25
50882597-ce04-4a91-ae66-344630fab83f,Joshua,Nguyen,kaitlinsmith@burke.com,001-178-734-2110x35999,830 Reyes Shores Apt. 431,Port Angelaborough,North Carolina,82566,Saint Kitts and Nevis,1964-03-09,Female,2023-04-17
14b02512-26da-472f-a28c-7b01412ae0e8,Robert,Rollins,vwood@yahoo.com,001-783-289-0431x479,748 Vargas Dale Apt. 435,Leonardtown,South Carolina,52306,Moldova,1980-11-15,Male,2023-05-23
c2e28b2a-f259-446a-b8ff-6e3087fa0f94,Christina,Rice,youngcynthia@hotmail.com,367-914-1015,12790 James Expressway Suite 701,Matthewview,Vermont,85671,Czech Republic,1967-06-19,Male,2022-04-28
6ee4c41e-2061-4a8b-8d15-43896c7eed2c,Michelle,Thompson,paula44@gmail.com,001-385-840-9962x94865,314 Garner Motorway Apt. 138,West Micheal,Tennessee,69911,Mozambique,1951-06-15,Male,2020-11-05
72b208c0-7759-4712-82f1-f50ef449f0be,Sheri,Wong,rebeccajones@yahoo.com,374-132-6419x18472,6899 Brandon Spur Apt. 037,Andreaberg,Missouri,28411,Grenada,1961-12-21,Male,2020-12-27
03faf777-9783-4e17-90ea-cc8742b10dd6,Kelly,Robbins,kellynathaniel@gray-lucas.biz,(275)876-6630,762 Christine Flat,Alexandrachester,Rhode Island,38658,Antarctica (the territory South of 60 deg S),1955-03-12,Female,2021-09-19
e6ba4859-412c-42b1-9a03-1069191c138c,Karen,Freeman,emily30@steele.net,5753006334,436 Ortega Heights Suite 320,Susanshire,Alaska,94653,Sweden,1958-12-29,Male,2024-01-19
ae440f3a-e0bd-4738-ac69-f24a4a58ffd8,Brandon,Griffin,george36@bright.com,+1-835-486-9073x7308,6950 Rogers Village,Montgomeryport,Illinois,54275,Mauritania,2003-07-01,Female,2024-06-28
13c30b74-bff0-45bf-b592-48258c32399b,Allison,Oliver,brianna08@johnson.com,(805)293-4908,73407 Carrie Cape Apt. 331,Hughesmouth,Alaska,59979,India,1972-04-12,Male,2023-04-11
2f9dc3c9-6c7a-4fe7-a203-8bc31e1dafab,Alicia,Hale,anthonymeyer@gmail.com,(615)059-9634x55443,586 Anderson Mission,Lake Tinaside,Montana,33891,Micronesia,1946-03-29,Female,2023-02-28
aa7eb2bc-d313-41b2-898a-1007d6ab14b9,Lisa,Day,millernicholas@gmail.com,(809)557-1161,01212 Randy Roads Apt. 486,Webbstad,Hawaii,99891,Zambia,1987-06-16,Male,2020-09-10
58dc1706-f512-42f7-b99e-723293644181,Robert,Wilson,brandi29@dawson.org,169-603-7660,72759 Spencer Underpass Apt. 907,Lake Deniseborough,Minnesota,93228,Equatorial Guinea,1965-05-01,Male,2019-10-23
1a7f86b4-419f-40f7-bc44-e6eac926ea5c,Richard,Castillo,ericbarnett@farley-jennings.com,+1-141-046-9363x33551,4720 Page Square Apt. 955,Campbellland,New York,55424,Holy See (Vatican City State),1955-04-18,Male,2021-12-15
1e6dccea-04ba-49d4-95b8-b97542d47f7b,David,Shepherd,samantha02@gmail.com,001-550-711-3557,0527 Shawn Trail,Adkinsside,Georgia,47617,Serbia,1967-02-14,Male,2020-01-29
65d4e04e-243e-469c-8e18-12405e52c8de,Christopher,Moody,scottwilliams@hotmail.com,9401796934,8487 Steven Parks,Josephborough,Florida,38996,Namibia,1976-08-30,Male,2022-05-05
780e55e6-1b79-4ad0-bfab-fc21e52504d7,Lauren,Landry,jasmine42@williams-brown.com,+1-868-104-6191x884,069 John Pine,Meltonshire,Vermont,44415,Bahamas,1957-09-12,Female,2024-05-23
46f050b7-4796-4d49-83f9-f748104a3367,Susan,Anderson,andrea72@yahoo.com,+1-090-045-7498,7298 Jordan Forge Suite 485,Port Nicole,Mississippi,70700,Sierra Leone,1942-05-23,Female,2022-07-20
dee1a8d3-a56a-443f-a53f-a100e7552e84,Savannah,Herrera,juan70@hotmail.com,497-108-0588x3996,855 Jill Square,East Richardchester,Michigan,33995,Liberia,2003-11-11,Female,2021-07-31
6979cbb0-369f-461c-90af-63c8ed2fd768,Abigail,Dunn,elliottjennifer@yahoo.com,001-745-051-5737x61319,98847 Garcia Heights Suite 601,East Theresachester,Connecticut,98850,Guernsey,1993-11-29,Male,2020-08-17
55566258-8e2e-45ad-ad64-6c1c1e16acfd,Maria,Zavala,melissacastro@hotmail.com,001-061-538-4985x70901,020 Taylor Path Apt. 327,Burnsshire,North Carolina,71682,Austria,1968-07-03,Female,2022-11-08
